<ForceField>
<AtomTypes>
<Type name="opls_805" class="H805" element="H" mass="1.008000" />
<Type name="opls_800" class="C800" element="C" mass="12.011000" />
<Type name="opls_804" class="H804" element="H" mass="1.008000" />
<Type name="opls_801" class="O801" element="O" mass="15.999000" />
<Type name="opls_803" class="H803" element="H" mass="1.008000" />
<Type name="opls_802" class="H802" element="H" mass="1.008000" />
</AtomTypes>
<Residues>
<Residue name="MET">
<Atom name="C00" type="opls_800" />
<Atom name="O01" type="opls_801" />
<Atom name="H02" type="opls_802" />
<Atom name="H03" type="opls_803" />
<Atom name="H04" type="opls_804" />
<Atom name="H05" type="opls_805" />
<Bond from="0" to="1"/>
<Bond from="0" to="2"/>
<Bond from="0" to="3"/>
<Bond from="0" to="4"/>
<Bond from="1" to="5"/>
</Residue>
</Residues>
<HarmonicBondForce>
<Bond class1="O801" class2="C800" length="0.141000" k="267776.000000"/>
<Bond class1="H802" class2="C800" length="0.109000" k="284512.000000"/>
<Bond class1="H803" class2="C800" length="0.109000" k="284512.000000"/>
<Bond class1="H804" class2="C800" length="0.109000" k="284512.000000"/>
<Bond class1="H805" class2="O801" length="0.094500" k="462750.400000"/>
</HarmonicBondForce>
<HarmonicAngleForce>
<Angle class1="O801" class2="C800" class3="H802" angle="1.911136" k="292.880000"/>
<Angle class1="O801" class2="C800" class3="H803" angle="1.911136" k="292.880000"/>
<Angle class1="O801" class2="C800" class3="H804" angle="1.911136" k="292.880000"/>
<Angle class1="C800" class2="O801" class3="H805" angle="1.893682" k="460.240000"/>
<Angle class1="H803" class2="C800" class3="H804" angle="1.881465" k="276.144000"/>
<Angle class1="H802" class2="C800" class3="H803" angle="1.881465" k="276.144000"/>
<Angle class1="H802" class2="C800" class3="H804" angle="1.881465" k="276.144000"/>
</HarmonicAngleForce>
<PeriodicTorsionForce>
<Proper class1="H805" class2="O801" class3="C800" class4="H802" k1="0.000000" k2="0.000000" k3="0.736384" k4="0.000000" periodicity1="1" periodicity2="2" periodicity3="3" periodicity4="4" phase1="0.00" phase2="3.141592653589793" phase3="0.00" phase4="3.141592653589793"/>
<Proper class1="H805" class2="O801" class3="C800" class4="H803" k1="0.000000" k2="0.000000" k3="0.736384" k4="0.000000" periodicity1="1" periodicity2="2" periodicity3="3" periodicity4="4" phase1="0.00" phase2="3.141592653589793" phase3="0.00" phase4="3.141592653589793"/>
<Proper class1="H805" class2="O801" class3="C800" class4="H804" k1="0.000000" k2="0.000000" k3="0.736384" k4="0.000000" periodicity1="1" periodicity2="2" periodicity3="3" periodicity4="4" phase1="0.00" phase2="3.141592653589793" phase3="0.00" phase4="3.141592653589793"/>
<Improper class1="C800" class2="O801" class3="H802" class4="H803" k1="0.000000" k2="0.000000" k3="0.000000" k4="0.000000" periodicity1="1" periodicity2="2" periodicity3="3" periodicity4="4" phase1="0.00" phase2="3.141592653589793" phase3="0.00" phase4="3.141592653589793"/>
<Improper class1="C800" class2="O801" class3="H802" class4="H804" k1="0.000000" k2="0.000000" k3="0.000000" k4="0.000000" periodicity1="1" periodicity2="2" periodicity3="3" periodicity4="4" phase1="0.00" phase2="3.141592653589793" phase3="0.00" phase4="3.141592653589793"/>
</PeriodicTorsionForce>
<NonbondedForce coulomb14scale="0.5" lj14scale="0.5">
<Atom type="opls_805" charge="0.407300" sigma="0.000000" epsilon="0.000000" />
<Atom type="opls_803" charge="0.074700" sigma="0.250000" epsilon="0.125520" />
<Atom type="opls_802" charge="0.074700" sigma="0.250000" epsilon="0.125520" />
<Atom type="opls_804" charge="0.074700" sigma="0.250000" epsilon="0.125520" />
<Atom type="opls_800" charge="-0.043300" sigma="0.350000" epsilon="0.276144" />
<Atom type="opls_801" charge="-0.587900" sigma="0.312000" epsilon="0.711280" />
</NonbondedForce>
</ForceField>
