<ForceField>
<AtomTypes>
<Type name="opls_815" class="C815" element="C" mass="12.011000" />
<Type name="opls_806" class="C806" element="C" mass="12.011000" />
<Type name="opls_825" class="O825" element="O" mass="15.999000" />
<Type name="opls_817" class="C817" element="C" mass="12.011000" />
<Type name="opls_802" class="C802" element="C" mass="12.011000" />
<Type name="opls_847" class="H847" element="H" mass="1.008000" />
<Type name="opls_862" class="H862" element="H" mass="1.008000" />
<Type name="opls_830" class="C830" element="C" mass="12.011000" />
<Type name="opls_822" class="C822" element="C" mass="12.011000" />
<Type name="opls_848" class="H848" element="H" mass="1.008000" />
<Type name="opls_807" class="C807" element="C" mass="12.011000" />
<Type name="opls_826" class="C826" element="C" mass="12.011000" />
<Type name="opls_846" class="H846" element="H" mass="1.008000" />
<Type name="opls_855" class="H855" element="H" mass="1.008000" />
<Type name="opls_860" class="C860" element="C" mass="12.011000" />
<Type name="opls_853" class="H853" element="H" mass="1.008000" />
<Type name="opls_816" class="C816" element="C" mass="12.011000" />
<Type name="opls_833" class="H833" element="H" mass="1.008000" />
<Type name="opls_800" class="H800" element="H" mass="1.008000" />
<Type name="opls_849" class="H849" element="H" mass="1.008000" />
<Type name="opls_803" class="C803" element="C" mass="12.011000" />
<Type name="opls_811" class="N811" element="N" mass="14.007000" />
<Type name="opls_821" class="H821" element="H" mass="1.008000" />
<Type name="opls_831" class="C831" element="C" mass="12.011000" />
<Type name="opls_832" class="H832" element="H" mass="1.008000" />
<Type name="opls_835" class="H835" element="H" mass="1.008000" />
<Type name="opls_836" class="H836" element="H" mass="1.008000" />
<Type name="opls_840" class="H840" element="H" mass="1.008000" />
<Type name="opls_808" class="C808" element="C" mass="12.011000" />
<Type name="opls_844" class="C844" element="C" mass="12.011000" />
<Type name="opls_819" class="H819" element="H" mass="1.008000" />
<Type name="opls_850" class="H850" element="H" mass="1.008000" />
<Type name="opls_854" class="H854" element="H" mass="1.008000" />
<Type name="opls_851" class="C851" element="C" mass="12.011000" />
<Type name="opls_856" class="H856" element="H" mass="1.008000" />
<Type name="opls_809" class="C809" element="C" mass="12.011000" />
<Type name="opls_839" class="H839" element="H" mass="1.008000" />
<Type name="opls_824" class="C824" element="C" mass="12.011000" />
<Type name="opls_828" class="H828" element="H" mass="1.008000" />
<Type name="opls_841" class="C841" element="C" mass="12.011000" />
<Type name="opls_861" class="H861" element="H" mass="1.008000" />
<Type name="opls_810" class="H810" element="H" mass="1.008000" />
<Type name="opls_820" class="C820" element="C" mass="12.011000" />
<Type name="opls_813" class="H813" element="H" mass="1.008000" />
<Type name="opls_818" class="C818" element="C" mass="12.011000" />
<Type name="opls_859" class="N859" element="N" mass="14.007000" />
<Type name="opls_827" class="H827" element="H" mass="1.008000" />
<Type name="opls_837" class="C837" element="C" mass="12.011000" />
<Type name="opls_858" class="H858" element="H" mass="1.008000" />
<Type name="opls_823" class="C823" element="C" mass="12.011000" />
<Type name="opls_812" class="N812" element="N" mass="14.007000" />
<Type name="opls_857" class="N857" element="N" mass="14.007000" />
<Type name="opls_842" class="O842" element="O" mass="15.999000" />
<Type name="opls_843" class="H843" element="H" mass="1.008000" />
<Type name="opls_829" class="H829" element="H" mass="1.008000" />
<Type name="opls_834" class="N834" element="N" mass="14.007000" />
<Type name="opls_801" class="C801" element="C" mass="12.011000" />
<Type name="opls_805" class="C805" element="C" mass="12.011000" />
<Type name="opls_838" class="C838" element="C" mass="12.011000" />
<Type name="opls_852" class="C852" element="C" mass="12.011000" />
<Type name="opls_863" class="H863" element="H" mass="1.008000" />
<Type name="opls_845" class="C845" element="C" mass="12.011000" />
<Type name="opls_814" class="C814" element="C" mass="12.011000" />
<Type name="opls_804" class="H804" element="H" mass="1.008000" />
</AtomTypes>
<Residues>
<Residue name="4XN">
<Atom name="H00" type="opls_800" />
<Atom name="C01" type="opls_801" />
<Atom name="C02" type="opls_802" />
<Atom name="C03" type="opls_803" />
<Atom name="H04" type="opls_804" />
<Atom name="C05" type="opls_805" />
<Atom name="C06" type="opls_806" />
<Atom name="C07" type="opls_807" />
<Atom name="C08" type="opls_808" />
<Atom name="C09" type="opls_809" />
<Atom name="H0A" type="opls_810" />
<Atom name="N0B" type="opls_811" />
<Atom name="N0C" type="opls_812" />
<Atom name="H0D" type="opls_813" />
<Atom name="C0E" type="opls_814" />
<Atom name="C0F" type="opls_815" />
<Atom name="C0G" type="opls_816" />
<Atom name="C0H" type="opls_817" />
<Atom name="C0I" type="opls_818" />
<Atom name="H0J" type="opls_819" />
<Atom name="C0K" type="opls_820" />
<Atom name="H0M" type="opls_821" />
<Atom name="C0N" type="opls_822" />
<Atom name="C0O" type="opls_823" />
<Atom name="C0P" type="opls_824" />
<Atom name="O0Q" type="opls_825" />
<Atom name="C0R" type="opls_826" />
<Atom name="H0S" type="opls_827" />
<Atom name="H0T" type="opls_828" />
<Atom name="H0U" type="opls_829" />
<Atom name="C0V" type="opls_830" />
<Atom name="C0W" type="opls_831" />
<Atom name="H0X" type="opls_832" />
<Atom name="H0Y" type="opls_833" />
<Atom name="N0Z" type="opls_834" />
<Atom name="H10" type="opls_835" />
<Atom name="H11" type="opls_836" />
<Atom name="C12" type="opls_837" />
<Atom name="C13" type="opls_838" />
<Atom name="H14" type="opls_839" />
<Atom name="H15" type="opls_840" />
<Atom name="C16" type="opls_841" />
<Atom name="O17" type="opls_842" />
<Atom name="H18" type="opls_843" />
<Atom name="C19" type="opls_844" />
<Atom name="C1A" type="opls_845" />
<Atom name="H1B" type="opls_846" />
<Atom name="H1C" type="opls_847" />
<Atom name="H1D" type="opls_848" />
<Atom name="H1E" type="opls_849" />
<Atom name="H1F" type="opls_850" />
<Atom name="C1G" type="opls_851" />
<Atom name="C1H" type="opls_852" />
<Atom name="H1I" type="opls_853" />
<Atom name="H1J" type="opls_854" />
<Atom name="H1K" type="opls_855" />
<Atom name="H1M" type="opls_856" />
<Atom name="N1N" type="opls_857" />
<Atom name="H1O" type="opls_858" />
<Atom name="N1P" type="opls_859" />
<Atom name="C1Q" type="opls_860" />
<Atom name="H1R" type="opls_861" />
<Atom name="H1S" type="opls_862" />
<Atom name="H1T" type="opls_863" />
<Bond from="0" to="1"/>
<Bond from="1" to="2"/>
<Bond from="1" to="3"/>
<Bond from="2" to="4"/>
<Bond from="2" to="5"/>
<Bond from="3" to="6"/>
<Bond from="3" to="7"/>
<Bond from="5" to="8"/>
<Bond from="5" to="9"/>
<Bond from="6" to="10"/>
<Bond from="7" to="11"/>
<Bond from="7" to="12"/>
<Bond from="8" to="13"/>
<Bond from="9" to="14"/>
<Bond from="9" to="15"/>
<Bond from="11" to="16"/>
<Bond from="12" to="17"/>
<Bond from="12" to="18"/>
<Bond from="14" to="19"/>
<Bond from="14" to="20"/>
<Bond from="15" to="21"/>
<Bond from="15" to="22"/>
<Bond from="16" to="23"/>
<Bond from="16" to="24"/>
<Bond from="17" to="25"/>
<Bond from="18" to="26"/>
<Bond from="18" to="27"/>
<Bond from="18" to="28"/>
<Bond from="26" to="29"/>
<Bond from="26" to="30"/>
<Bond from="26" to="31"/>
<Bond from="30" to="32"/>
<Bond from="30" to="33"/>
<Bond from="30" to="34"/>
<Bond from="31" to="35"/>
<Bond from="31" to="36"/>
<Bond from="31" to="37"/>
<Bond from="34" to="38"/>
<Bond from="37" to="39"/>
<Bond from="37" to="40"/>
<Bond from="38" to="41"/>
<Bond from="38" to="42"/>
<Bond from="41" to="43"/>
<Bond from="41" to="44"/>
<Bond from="41" to="45"/>
<Bond from="44" to="46"/>
<Bond from="44" to="47"/>
<Bond from="45" to="48"/>
<Bond from="45" to="49"/>
<Bond from="20" to="50"/>
<Bond from="20" to="51"/>
<Bond from="22" to="52"/>
<Bond from="23" to="53"/>
<Bond from="23" to="54"/>
<Bond from="24" to="55"/>
<Bond from="24" to="56"/>
<Bond from="51" to="57"/>
<Bond from="52" to="58"/>
<Bond from="52" to="59"/>
<Bond from="57" to="60"/>
<Bond from="60" to="61"/>
<Bond from="60" to="62"/>
<Bond from="60" to="63"/>
<Bond from="6" to="8"/>
<Bond from="16" to="17"/>
<Bond from="22" to="51"/>
<Bond from="23" to="24"/>
<Bond from="34" to="37"/>
<Bond from="44" to="45"/>
<Bond from="57" to="59"/>
</Residue>
</Residues>
<HarmonicBondForce>
<Bond class1="C801" class2="H800" length="0.108000" k="307105.600000"/>
<Bond class1="C802" class2="C801" length="0.140000" k="392459.200000"/>
<Bond class1="C803" class2="C801" length="0.140000" k="392459.200000"/>
<Bond class1="H804" class2="C802" length="0.108000" k="307105.600000"/>
<Bond class1="C805" class2="C802" length="0.140000" k="392459.200000"/>
<Bond class1="C806" class2="C803" length="0.140000" k="392459.200000"/>
<Bond class1="C807" class2="C803" length="0.146000" k="322168.000000"/>
<Bond class1="C808" class2="C805" length="0.140000" k="392459.200000"/>
<Bond class1="C809" class2="C805" length="0.146000" k="322168.000000"/>
<Bond class1="H810" class2="C806" length="0.108000" k="307105.600000"/>
<Bond class1="N811" class2="C807" length="0.133500" k="408358.400000"/>
<Bond class1="N812" class2="C807" length="0.138100" k="357313.600000"/>
<Bond class1="H813" class2="C808" length="0.108000" k="307105.600000"/>
<Bond class1="C814" class2="C809" length="0.140000" k="392459.200000"/>
<Bond class1="C815" class2="C809" length="0.140000" k="392459.200000"/>
<Bond class1="C816" class2="N811" length="0.144900" k="282001.600000"/>
<Bond class1="C817" class2="N812" length="0.133500" k="410032.000000"/>
<Bond class1="C818" class2="N812" length="0.144900" k="282001.600000"/>
<Bond class1="H819" class2="C814" length="0.108000" k="307105.600000"/>
<Bond class1="C820" class2="C814" length="0.140000" k="392459.200000"/>
<Bond class1="H821" class2="C815" length="0.108000" k="307105.600000"/>
<Bond class1="C822" class2="C815" length="0.140400" k="392459.200000"/>
<Bond class1="C823" class2="C816" length="0.152000" k="217568.000000"/>
<Bond class1="C824" class2="C816" length="0.152000" k="217568.000000"/>
<Bond class1="O825" class2="C817" length="0.122900" k="476976.000000"/>
<Bond class1="C826" class2="C818" length="0.152900" k="224262.400000"/>
<Bond class1="H827" class2="C818" length="0.109000" k="284512.000000"/>
<Bond class1="H828" class2="C818" length="0.109000" k="284512.000000"/>
<Bond class1="H829" class2="C826" length="0.109000" k="284512.000000"/>
<Bond class1="C830" class2="C826" length="0.152900" k="224262.400000"/>
<Bond class1="C831" class2="C826" length="0.152900" k="224262.400000"/>
<Bond class1="H832" class2="C830" length="0.109000" k="284512.000000"/>
<Bond class1="H833" class2="C830" length="0.109000" k="284512.000000"/>
<Bond class1="N834" class2="C830" length="0.144900" k="282001.600000"/>
<Bond class1="H835" class2="C831" length="0.109000" k="284512.000000"/>
<Bond class1="H836" class2="C831" length="0.109000" k="284512.000000"/>
<Bond class1="C837" class2="C831" length="0.152900" k="224262.400000"/>
<Bond class1="C838" class2="N834" length="0.133500" k="410032.000000"/>
<Bond class1="H839" class2="C837" length="0.109000" k="284512.000000"/>
<Bond class1="H840" class2="C837" length="0.109000" k="284512.000000"/>
<Bond class1="C841" class2="C838" length="0.152200" k="265265.600000"/>
<Bond class1="O842" class2="C838" length="0.122900" k="476976.000000"/>
<Bond class1="H843" class2="C841" length="0.108800" k="284512.000000"/>
<Bond class1="C844" class2="C841" length="0.152000" k="217568.000000"/>
<Bond class1="C845" class2="C841" length="0.152000" k="217568.000000"/>
<Bond class1="H846" class2="C844" length="0.108800" k="284512.000000"/>
<Bond class1="H847" class2="C844" length="0.108800" k="284512.000000"/>
<Bond class1="H848" class2="C845" length="0.108800" k="284512.000000"/>
<Bond class1="H849" class2="C845" length="0.108800" k="284512.000000"/>
<Bond class1="H850" class2="C820" length="0.108000" k="307105.600000"/>
<Bond class1="C851" class2="C820" length="0.140400" k="392459.200000"/>
<Bond class1="C852" class2="C822" length="0.142100" k="392459.200000"/>
<Bond class1="H853" class2="C823" length="0.108800" k="284512.000000"/>
<Bond class1="H854" class2="C823" length="0.108800" k="284512.000000"/>
<Bond class1="H855" class2="C824" length="0.108800" k="284512.000000"/>
<Bond class1="H856" class2="C824" length="0.108800" k="284512.000000"/>
<Bond class1="N857" class2="C851" length="0.137400" k="364844.800000"/>
<Bond class1="H858" class2="C852" length="0.108000" k="307105.600000"/>
<Bond class1="N859" class2="C852" length="0.132000" k="343088.000000"/>
<Bond class1="C860" class2="N857" length="0.147500" k="282001.600000"/>
<Bond class1="H861" class2="C860" length="0.109000" k="284512.000000"/>
<Bond class1="H862" class2="C860" length="0.109000" k="284512.000000"/>
<Bond class1="H863" class2="C860" length="0.109000" k="284512.000000"/>
<Bond class1="C808" class2="C806" length="0.140000" k="392459.200000"/>
<Bond class1="C817" class2="C816" length="0.152200" k="265265.600000"/>
<Bond class1="C851" class2="C822" length="0.137000" k="435136.000000"/>
<Bond class1="C824" class2="C823" length="0.152000" k="217568.000000"/>
<Bond class1="C837" class2="N834" length="0.144900" k="282001.600000"/>
<Bond class1="C845" class2="C844" length="0.152000" k="217568.000000"/>
<Bond class1="N859" class2="N857" length="0.134900" k="334720.000000"/>
</HarmonicBondForce>
<HarmonicAngleForce>
<Angle class1="H800" class2="C801" class3="C802" angle="2.094395" k="292.880000"/>
<Angle class1="H800" class2="C801" class3="C803" angle="2.094395" k="292.880000"/>
<Angle class1="C801" class2="C802" class3="H804" angle="2.094395" k="292.880000"/>
<Angle class1="C801" class2="C802" class3="C805" angle="2.094395" k="527.184000"/>
<Angle class1="C801" class2="C803" class3="C806" angle="2.094395" k="527.184000"/>
<Angle class1="C801" class2="C803" class3="C807" angle="2.094395" k="527.184000"/>
<Angle class1="C802" class2="C805" class3="C808" angle="2.094395" k="527.184000"/>
<Angle class1="C802" class2="C805" class3="C809" angle="2.094395" k="527.184000"/>
<Angle class1="C803" class2="C806" class3="H810" angle="2.094395" k="292.880000"/>
<Angle class1="C803" class2="C807" class3="N811" angle="2.185152" k="585.760000"/>
<Angle class1="C803" class2="C807" class3="N812" angle="2.094395" k="585.760000"/>
<Angle class1="C805" class2="C808" class3="H813" angle="2.094395" k="292.880000"/>
<Angle class1="C805" class2="C809" class3="C814" angle="2.094395" k="527.184000"/>
<Angle class1="C805" class2="C809" class3="C815" angle="2.094395" k="527.184000"/>
<Angle class1="C807" class2="N811" class3="C816" angle="2.059489" k="418.400000"/>
<Angle class1="C807" class2="N812" class3="C817" angle="2.127556" k="418.400000"/>
<Angle class1="C807" class2="N812" class3="C818" angle="2.059489" k="418.400000"/>
<Angle class1="C809" class2="C814" class3="H819" angle="2.094395" k="292.880000"/>
<Angle class1="C809" class2="C814" class3="C820" angle="2.094395" k="527.184000"/>
<Angle class1="C809" class2="C815" class3="H821" angle="2.094395" k="292.880000"/>
<Angle class1="C809" class2="C815" class3="C822" angle="2.094395" k="527.184000"/>
<Angle class1="N811" class2="C816" class3="C823" angle="1.902409" k="543.920000"/>
<Angle class1="N811" class2="C816" class3="C824" angle="1.902409" k="543.920000"/>
<Angle class1="N812" class2="C817" class3="O825" angle="2.145010" k="669.440000"/>
<Angle class1="N812" class2="C818" class3="C826" angle="1.914626" k="669.440000"/>
<Angle class1="N812" class2="C818" class3="H827" angle="1.911136" k="292.880000"/>
<Angle class1="N812" class2="C818" class3="H828" angle="1.911136" k="292.880000"/>
<Angle class1="C818" class2="C826" class3="H829" angle="1.932079" k="313.800000"/>
<Angle class1="C818" class2="C826" class3="C830" angle="1.966986" k="488.272800"/>
<Angle class1="C818" class2="C826" class3="C831" angle="1.966986" k="488.272800"/>
<Angle class1="C826" class2="C830" class3="H832" angle="1.932079" k="313.800000"/>
<Angle class1="C826" class2="C830" class3="H833" angle="1.932079" k="313.800000"/>
<Angle class1="C826" class2="C830" class3="N834" angle="1.914626" k="669.440000"/>
<Angle class1="C826" class2="C831" class3="H835" angle="1.932079" k="313.800000"/>
<Angle class1="C826" class2="C831" class3="H836" angle="1.932079" k="313.800000"/>
<Angle class1="C826" class2="C831" class3="C837" angle="1.966986" k="488.272800"/>
<Angle class1="C830" class2="N834" class3="C838" angle="2.127556" k="418.400000"/>
<Angle class1="C831" class2="C837" class3="H839" angle="1.932079" k="313.800000"/>
<Angle class1="C831" class2="C837" class3="H840" angle="1.932079" k="313.800000"/>
<Angle class1="N834" class2="C838" class3="C841" angle="2.035054" k="585.760000"/>
<Angle class1="N834" class2="C838" class3="O842" angle="2.145010" k="669.440000"/>
<Angle class1="C838" class2="C841" class3="H843" angle="1.911136" k="292.880000"/>
<Angle class1="C838" class2="C841" class3="C844" angle="1.939061" k="527.184000"/>
<Angle class1="C838" class2="C841" class3="C845" angle="1.939061" k="527.184000"/>
<Angle class1="C841" class2="C844" class3="H846" angle="2.045526" k="313.800000"/>
<Angle class1="C841" class2="C844" class3="H847" angle="2.045526" k="313.800000"/>
<Angle class1="C841" class2="C845" class3="H848" angle="2.045526" k="313.800000"/>
<Angle class1="C841" class2="C845" class3="H849" angle="2.045526" k="313.800000"/>
<Angle class1="C814" class2="C820" class3="H850" angle="2.094395" k="292.880000"/>
<Angle class1="C814" class2="C820" class3="C851" angle="2.094395" k="527.184000"/>
<Angle class1="C815" class2="C822" class3="C852" angle="2.120575" k="634.210720"/>
<Angle class1="C816" class2="C823" class3="H853" angle="2.045526" k="313.800000"/>
<Angle class1="C816" class2="C823" class3="H854" angle="2.045526" k="313.800000"/>
<Angle class1="C816" class2="C824" class3="H855" angle="2.045526" k="313.800000"/>
<Angle class1="C816" class2="C824" class3="H856" angle="2.045526" k="313.800000"/>
<Angle class1="C820" class2="C851" class3="N857" angle="1.897173" k="585.760000"/>
<Angle class1="C822" class2="C852" class3="H858" angle="2.244493" k="292.880000"/>
<Angle class1="C822" class2="C852" class3="N859" angle="2.160718" k="357.983040"/>
<Angle class1="C851" class2="N857" class3="C860" angle="2.195624" k="585.760000"/>
<Angle class1="N857" class2="C860" class3="H861" angle="1.911136" k="292.880000"/>
<Angle class1="N857" class2="C860" class3="H862" angle="1.911136" k="292.880000"/>
<Angle class1="N857" class2="C860" class3="H863" angle="1.911136" k="292.880000"/>
<Angle class1="N859" class2="N857" class3="C860" angle="2.066470" k="585.760000"/>
<Angle class1="N834" class2="C837" class3="H839" angle="1.911136" k="292.880000"/>
<Angle class1="C806" class2="C803" class3="C807" angle="2.094395" k="527.184000"/>
<Angle class1="C830" class2="N834" class3="C837" angle="2.059489" k="418.400000"/>
<Angle class1="H846" class2="C844" class3="H847" angle="1.994911" k="292.880000"/>
<Angle class1="C826" class2="C818" class3="H827" angle="1.932079" k="313.800000"/>
<Angle class1="C814" class2="C809" class3="C815" angle="2.094395" k="527.184000"/>
<Angle class1="C830" class2="C826" class3="C831" angle="1.966986" k="488.272800"/>
<Angle class1="C815" class2="C822" class3="C851" angle="2.047271" k="711.280000"/>
<Angle class1="H843" class2="C841" class3="C844" angle="2.045526" k="313.800000"/>
<Angle class1="C808" class2="C806" class3="H810" angle="2.094395" k="292.880000"/>
<Angle class1="H853" class2="C823" class3="H854" angle="1.994911" k="292.880000"/>
<Angle class1="C823" class2="C824" class3="H856" angle="2.045526" k="313.800000"/>
<Angle class1="C824" class2="C823" class3="H854" angle="2.045526" k="313.800000"/>
<Angle class1="H850" class2="C820" class3="C851" angle="2.094395" k="292.880000"/>
<Angle class1="C845" class2="C844" class3="H847" angle="2.045526" k="313.800000"/>
<Angle class1="C826" class2="C818" class3="H828" angle="1.932079" k="313.800000"/>
<Angle class1="C803" class2="C806" class3="C808" angle="2.094395" k="527.184000"/>
<Angle class1="C851" class2="N857" class3="N859" angle="1.973967" k="468.608000"/>
<Angle class1="C831" class2="C837" class3="N834" angle="1.914626" k="669.440000"/>
<Angle class1="H843" class2="C841" class3="C845" angle="2.045526" k="313.800000"/>
<Angle class1="H832" class2="C830" class3="N834" angle="1.911136" k="292.880000"/>
<Angle class1="N834" class2="C837" class3="H840" angle="1.911136" k="292.880000"/>
<Angle class1="H839" class2="C837" class3="H840" angle="1.881465" k="276.144000"/>
<Angle class1="C820" class2="C851" class3="C822" angle="2.047271" k="711.280000"/>
<Angle class1="N812" class2="C817" class3="C816" angle="2.035054" k="585.760000"/>
<Angle class1="C817" class2="C816" class3="C823" angle="1.939061" k="527.184000"/>
<Angle class1="C837" class2="N834" class3="C838" angle="2.127556" k="418.400000"/>
<Angle class1="C841" class2="C838" class3="O842" angle="2.101376" k="669.440000"/>
<Angle class1="C806" class2="C808" class3="H813" angle="2.094395" k="292.880000"/>
<Angle class1="C852" class2="N859" class3="N857" angle="1.816888" k="585.760000"/>
<Angle class1="C845" class2="C844" class3="H846" angle="2.045526" k="313.800000"/>
<Angle class1="H861" class2="C860" class3="H862" angle="1.881465" k="276.144000"/>
<Angle class1="H836" class2="C831" class3="C837" angle="1.932079" k="313.800000"/>
<Angle class1="H819" class2="C814" class3="C820" angle="2.094395" k="292.880000"/>
<Angle class1="H827" class2="C818" class3="H828" angle="1.881465" k="276.144000"/>
<Angle class1="H858" class2="C852" class3="N859" angle="2.075196" k="292.880000"/>
<Angle class1="H848" class2="C845" class3="H849" angle="1.994911" k="292.880000"/>
<Angle class1="H835" class2="C831" class3="C837" angle="1.932079" k="313.800000"/>
<Angle class1="C805" class2="C808" class3="C806" angle="2.094395" k="527.184000"/>
<Angle class1="H861" class2="C860" class3="H863" angle="1.881465" k="276.144000"/>
<Angle class1="H835" class2="C831" class3="H836" angle="1.881465" k="276.144000"/>
<Angle class1="C844" class2="C845" class3="H849" angle="2.045526" k="313.800000"/>
<Angle class1="C802" class2="C801" class3="C803" angle="2.094395" k="527.184000"/>
<Angle class1="C816" class2="C817" class3="O825" angle="2.101376" k="669.440000"/>
<Angle class1="C808" class2="C805" class3="C809" angle="2.094395" k="527.184000"/>
<Angle class1="H833" class2="C830" class3="N834" angle="1.911136" k="292.880000"/>
<Angle class1="C817" class2="C816" class3="C824" angle="1.939061" k="527.184000"/>
<Angle class1="H855" class2="C824" class3="H856" angle="1.994911" k="292.880000"/>
<Angle class1="H829" class2="C826" class3="C830" angle="1.932079" k="313.800000"/>
<Angle class1="C822" class2="C851" class3="N857" angle="1.853540" k="585.760000"/>
<Angle class1="C817" class2="N812" class3="C818" angle="2.127556" k="418.400000"/>
<Angle class1="H862" class2="C860" class3="H863" angle="1.881465" k="276.144000"/>
<Angle class1="H804" class2="C802" class3="C805" angle="2.094395" k="292.880000"/>
<Angle class1="H832" class2="C830" class3="H833" angle="1.881465" k="276.144000"/>
<Angle class1="C844" class2="C845" class3="H848" angle="2.045526" k="313.800000"/>
<Angle class1="C823" class2="C824" class3="H855" angle="2.045526" k="313.800000"/>
<Angle class1="C824" class2="C823" class3="H853" angle="2.045526" k="313.800000"/>
<Angle class1="H821" class2="C815" class3="C822" angle="2.094395" k="292.880000"/>
<Angle class1="C851" class2="C822" class3="C852" angle="2.120575" k="634.210720"/>
<Angle class1="N811" class2="C816" class3="C817" angle="1.921608" k="527.184000"/>
<Angle class1="H829" class2="C826" class3="C831" angle="1.932079" k="313.800000"/>
<Angle class1="N811" class2="C807" class3="N812" angle="2.202606" k="585.760000"/>
</HarmonicAngleForce>
<PeriodicTorsionForce>
<Proper class1="C805" class2="C802" class3="C801" class4="C803" k1="0.000000" k2="15.167000" k3="0.000000" k4="0.000000" periodicity1="1" periodicity2="2" periodicity3="3" periodicity4="4" phase1="0.00" phase2="3.141592653589793" phase3="0.00" phase4="3.141592653589793"/>
<Proper class1="C805" class2="C802" class3="C801" class4="H800" k1="0.000000" k2="15.167000" k3="0.000000" k4="0.000000" periodicity1="1" periodicity2="2" periodicity3="3" periodicity4="4" phase1="0.00" phase2="3.141592653589793" phase3="0.00" phase4="3.141592653589793"/>
<Proper class1="C806" class2="C803" class3="C801" class4="C802" k1="0.000000" k2="15.167000" k3="0.000000" k4="0.000000" periodicity1="1" periodicity2="2" periodicity3="3" periodicity4="4" phase1="0.00" phase2="3.141592653589793" phase3="0.00" phase4="3.141592653589793"/>
<Proper class1="C806" class2="C803" class3="C801" class4="H800" k1="0.000000" k2="15.167000" k3="0.000000" k4="0.000000" periodicity1="1" periodicity2="2" periodicity3="3" periodicity4="4" phase1="0.00" phase2="3.141592653589793" phase3="0.00" phase4="3.141592653589793"/>
<Proper class1="C807" class2="C803" class3="C801" class4="C802" k1="0.000000" k2="15.167000" k3="0.000000" k4="0.000000" periodicity1="1" periodicity2="2" periodicity3="3" periodicity4="4" phase1="0.00" phase2="3.141592653589793" phase3="0.00" phase4="3.141592653589793"/>
<Proper class1="C807" class2="C803" class3="C801" class4="H800" k1="0.000000" k2="15.167000" k3="0.000000" k4="0.000000" periodicity1="1" periodicity2="2" periodicity3="3" periodicity4="4" phase1="0.00" phase2="3.141592653589793" phase3="0.00" phase4="3.141592653589793"/>
<Proper class1="C808" class2="C805" class3="C802" class4="C801" k1="0.000000" k2="15.167000" k3="0.000000" k4="0.000000" periodicity1="1" periodicity2="2" periodicity3="3" periodicity4="4" phase1="0.00" phase2="3.141592653589793" phase3="0.00" phase4="3.141592653589793"/>
<Proper class1="C808" class2="C805" class3="C802" class4="H804" k1="0.000000" k2="15.167000" k3="0.000000" k4="0.000000" periodicity1="1" periodicity2="2" periodicity3="3" periodicity4="4" phase1="0.00" phase2="3.141592653589793" phase3="0.00" phase4="3.141592653589793"/>
<Proper class1="C808" class2="C806" class3="C803" class4="C807" k1="0.000000" k2="15.167000" k3="0.000000" k4="0.000000" periodicity1="1" periodicity2="2" periodicity3="3" periodicity4="4" phase1="0.00" phase2="3.141592653589793" phase3="0.00" phase4="3.141592653589793"/>
<Proper class1="C809" class2="C805" class3="C802" class4="C801" k1="0.000000" k2="15.167000" k3="0.000000" k4="0.000000" periodicity1="1" periodicity2="2" periodicity3="3" periodicity4="4" phase1="0.00" phase2="3.141592653589793" phase3="0.00" phase4="3.141592653589793"/>
<Proper class1="C809" class2="C805" class3="C802" class4="H804" k1="0.000000" k2="15.167000" k3="0.000000" k4="0.000000" periodicity1="1" periodicity2="2" periodicity3="3" periodicity4="4" phase1="0.00" phase2="3.141592653589793" phase3="0.00" phase4="3.141592653589793"/>
<Proper class1="C809" class2="C805" class3="C808" class4="C806" k1="0.000000" k2="15.167000" k3="0.000000" k4="0.000000" periodicity1="1" periodicity2="2" periodicity3="3" periodicity4="4" phase1="0.00" phase2="3.141592653589793" phase3="0.00" phase4="3.141592653589793"/>
<Proper class1="C814" class2="C809" class3="C805" class4="C802" k1="0.000000" k2="3.451800" k3="0.000000" k4="-0.104600" periodicity1="1" periodicity2="2" periodicity3="3" periodicity4="4" phase1="0.00" phase2="3.141592653589793" phase3="0.00" phase4="3.141592653589793"/>
<Proper class1="C814" class2="C809" class3="C805" class4="C808" k1="0.000000" k2="3.451800" k3="0.000000" k4="-0.104600" periodicity1="1" periodicity2="2" periodicity3="3" periodicity4="4" phase1="0.00" phase2="3.141592653589793" phase3="0.00" phase4="3.141592653589793"/>
<Proper class1="C814" class2="C809" class3="C815" class4="C822" k1="0.000000" k2="15.167000" k3="0.000000" k4="0.000000" periodicity1="1" periodicity2="2" periodicity3="3" periodicity4="4" phase1="0.00" phase2="3.141592653589793" phase3="0.00" phase4="3.141592653589793"/>
<Proper class1="C815" class2="C809" class3="C805" class4="C802" k1="0.000000" k2="3.451800" k3="0.000000" k4="-0.104600" periodicity1="1" periodicity2="2" periodicity3="3" periodicity4="4" phase1="0.00" phase2="3.141592653589793" phase3="0.00" phase4="3.141592653589793"/>
<Proper class1="C815" class2="C809" class3="C805" class4="C808" k1="0.000000" k2="3.451800" k3="0.000000" k4="-0.104600" periodicity1="1" periodicity2="2" periodicity3="3" periodicity4="4" phase1="0.00" phase2="3.141592653589793" phase3="0.00" phase4="3.141592653589793"/>
<Proper class1="C815" class2="C822" class3="C851" class4="C820" k1="0.000000" k2="15.167000" k3="0.000000" k4="0.000000" periodicity1="1" periodicity2="2" periodicity3="3" periodicity4="4" phase1="0.00" phase2="3.141592653589793" phase3="0.00" phase4="3.141592653589793"/>
<Proper class1="C816" class2="N811" class3="C807" class4="C803" k1="0.000000" k2="15.167000" k3="0.000000" k4="0.000000" periodicity1="1" periodicity2="2" periodicity3="3" periodicity4="4" phase1="0.00" phase2="3.141592653589793" phase3="0.00" phase4="3.141592653589793"/>
<Proper class1="C817" class2="N812" class3="C807" class4="C803" k1="0.000000" k2="15.167000" k3="0.000000" k4="0.000000" periodicity1="1" periodicity2="2" periodicity3="3" periodicity4="4" phase1="0.00" phase2="3.141592653589793" phase3="0.00" phase4="3.141592653589793"/>
<Proper class1="C818" class2="N812" class3="C807" class4="C803" k1="4.811600" k2="12.738188" k3="0.000000" k4="0.000000" periodicity1="1" periodicity2="2" periodicity3="3" periodicity4="4" phase1="0.00" phase2="3.141592653589793" phase3="0.00" phase4="3.141592653589793"/>
<Proper class1="C818" class2="N812" class3="C807" class4="N811" k1="0.000000" k2="4.393200" k3="0.000000" k4="0.000000" periodicity1="1" periodicity2="2" periodicity3="3" periodicity4="4" phase1="0.00" phase2="3.141592653589793" phase3="0.00" phase4="3.141592653589793"/>
<Proper class1="C818" class2="N812" class3="C817" class4="C816" k1="4.811600" k2="12.738188" k3="0.000000" k4="0.000000" periodicity1="1" periodicity2="2" periodicity3="3" periodicity4="4" phase1="0.00" phase2="3.141592653589793" phase3="0.00" phase4="3.141592653589793"/>
<Proper class1="C820" class2="C814" class3="C809" class4="C805" k1="0.000000" k2="15.167000" k3="0.000000" k4="0.000000" periodicity1="1" periodicity2="2" periodicity3="3" periodicity4="4" phase1="0.00" phase2="3.141592653589793" phase3="0.00" phase4="3.141592653589793"/>
<Proper class1="C820" class2="C814" class3="C809" class4="C815" k1="0.000000" k2="15.167000" k3="0.000000" k4="0.000000" periodicity1="1" periodicity2="2" periodicity3="3" periodicity4="4" phase1="0.00" phase2="3.141592653589793" phase3="0.00" phase4="3.141592653589793"/>
<Proper class1="C822" class2="C815" class3="C809" class4="C805" k1="0.000000" k2="15.167000" k3="0.000000" k4="0.000000" periodicity1="1" periodicity2="2" periodicity3="3" periodicity4="4" phase1="0.00" phase2="3.141592653589793" phase3="0.00" phase4="3.141592653589793"/>
<Proper class1="C822" class2="C851" class3="C820" class4="C814" k1="0.000000" k2="15.167000" k3="0.000000" k4="0.000000" periodicity1="1" periodicity2="2" periodicity3="3" periodicity4="4" phase1="0.00" phase2="3.141592653589793" phase3="0.00" phase4="3.141592653589793"/>
<Proper class1="C823" class2="C816" class3="C817" class4="N812" k1="2.453916" k2="0.395388" k3="-2.510400" k4="0.000000" periodicity1="1" periodicity2="2" periodicity3="3" periodicity4="4" phase1="0.00" phase2="3.141592653589793" phase3="0.00" phase4="3.141592653589793"/>
<Proper class1="C823" class2="C816" class3="N811" class4="C807" k1="0.000000" k2="15.167000" k3="0.000000" k4="0.000000" periodicity1="1" periodicity2="2" periodicity3="3" periodicity4="4" phase1="0.00" phase2="3.141592653589793" phase3="0.00" phase4="3.141592653589793"/>
<Proper class1="C824" class2="C816" class3="C817" class4="N812" k1="2.453916" k2="0.395388" k3="-2.510400" k4="0.000000" periodicity1="1" periodicity2="2" periodicity3="3" periodicity4="4" phase1="0.00" phase2="3.141592653589793" phase3="0.00" phase4="3.141592653589793"/>
<Proper class1="C824" class2="C816" class3="N811" class4="C807" k1="0.000000" k2="15.167000" k3="0.000000" k4="0.000000" periodicity1="1" periodicity2="2" periodicity3="3" periodicity4="4" phase1="0.00" phase2="3.141592653589793" phase3="0.00" phase4="3.141592653589793"/>
<Proper class1="C826" class2="C818" class3="N812" class4="C807" k1="0.000000" k2="0.966504" k3="0.000000" k4="0.000000" periodicity1="1" periodicity2="2" periodicity3="3" periodicity4="4" phase1="0.00" phase2="3.141592653589793" phase3="0.00" phase4="3.141592653589793"/>
<Proper class1="C826" class2="C818" class3="N812" class4="C817" k1="0.000000" k2="0.966504" k3="0.000000" k4="0.000000" periodicity1="1" periodicity2="2" periodicity3="3" periodicity4="4" phase1="0.00" phase2="3.141592653589793" phase3="0.00" phase4="3.141592653589793"/>
<Proper class1="C830" class2="C826" class3="C818" class4="H827" k1="0.000000" k2="0.000000" k3="0.627600" k4="0.000000" periodicity1="1" periodicity2="2" periodicity3="3" periodicity4="4" phase1="0.00" phase2="3.141592653589793" phase3="0.00" phase4="3.141592653589793"/>
<Proper class1="C830" class2="C826" class3="C818" class4="H828" k1="0.000000" k2="0.000000" k3="0.627600" k4="0.000000" periodicity1="1" periodicity2="2" periodicity3="3" periodicity4="4" phase1="0.00" phase2="3.141592653589793" phase3="0.00" phase4="3.141592653589793"/>
<Proper class1="C830" class2="C826" class3="C818" class4="N812" k1="1.767740" k2="-2.012504" k3="1.491596" k4="0.000000" periodicity1="1" periodicity2="2" periodicity3="3" periodicity4="4" phase1="0.00" phase2="3.141592653589793" phase3="0.00" phase4="3.141592653589793"/>
<Proper class1="C831" class2="C826" class3="C818" class4="H827" k1="0.000000" k2="0.000000" k3="0.627600" k4="0.000000" periodicity1="1" periodicity2="2" periodicity3="3" periodicity4="4" phase1="0.00" phase2="3.141592653589793" phase3="0.00" phase4="3.141592653589793"/>
<Proper class1="C831" class2="C826" class3="C818" class4="H828" k1="0.000000" k2="0.000000" k3="0.627600" k4="0.000000" periodicity1="1" periodicity2="2" periodicity3="3" periodicity4="4" phase1="0.00" phase2="3.141592653589793" phase3="0.00" phase4="3.141592653589793"/>
<Proper class1="C831" class2="C826" class3="C818" class4="N812" k1="1.767740" k2="-2.012504" k3="1.491596" k4="0.000000" periodicity1="1" periodicity2="2" periodicity3="3" periodicity4="4" phase1="0.00" phase2="3.141592653589793" phase3="0.00" phase4="3.141592653589793"/>
<Proper class1="C837" class2="C831" class3="C826" class4="C818" k1="2.719600" k2="-0.418400" k3="0.418400" k4="0.000000" periodicity1="1" periodicity2="2" periodicity3="3" periodicity4="4" phase1="0.00" phase2="3.141592653589793" phase3="0.00" phase4="3.141592653589793"/>
<Proper class1="C837" class2="C831" class3="C826" class4="H829" k1="0.000000" k2="0.000000" k3="0.627600" k4="0.000000" periodicity1="1" periodicity2="2" periodicity3="3" periodicity4="4" phase1="0.00" phase2="3.141592653589793" phase3="0.00" phase4="3.141592653589793"/>
<Proper class1="C837" class2="N834" class3="C830" class4="H832" k1="0.000000" k2="0.000000" k3="0.000000" k4="0.000000" periodicity1="1" periodicity2="2" periodicity3="3" periodicity4="4" phase1="0.00" phase2="3.141592653589793" phase3="0.00" phase4="3.141592653589793"/>
<Proper class1="C837" class2="N834" class3="C830" class4="H833" k1="0.000000" k2="0.000000" k3="0.000000" k4="0.000000" periodicity1="1" periodicity2="2" periodicity3="3" periodicity4="4" phase1="0.00" phase2="3.141592653589793" phase3="0.00" phase4="3.141592653589793"/>
<Proper class1="C838" class2="N834" class3="C830" class4="C826" k1="0.000000" k2="0.966504" k3="0.000000" k4="0.000000" periodicity1="1" periodicity2="2" periodicity3="3" periodicity4="4" phase1="0.00" phase2="3.141592653589793" phase3="0.00" phase4="3.141592653589793"/>
<Proper class1="C838" class2="N834" class3="C830" class4="H832" k1="0.000000" k2="0.000000" k3="0.000000" k4="0.000000" periodicity1="1" periodicity2="2" periodicity3="3" periodicity4="4" phase1="0.00" phase2="3.141592653589793" phase3="0.00" phase4="3.141592653589793"/>
<Proper class1="C838" class2="N834" class3="C830" class4="H833" k1="0.000000" k2="0.000000" k3="0.000000" k4="0.000000" periodicity1="1" periodicity2="2" periodicity3="3" periodicity4="4" phase1="0.00" phase2="3.141592653589793" phase3="0.00" phase4="3.141592653589793"/>
<Proper class1="C838" class2="N834" class3="C837" class4="C831" k1="0.000000" k2="0.966504" k3="0.000000" k4="0.000000" periodicity1="1" periodicity2="2" periodicity3="3" periodicity4="4" phase1="0.00" phase2="3.141592653589793" phase3="0.00" phase4="3.141592653589793"/>
<Proper class1="C841" class2="C838" class3="N834" class4="C830" k1="4.811600" k2="12.738188" k3="0.000000" k4="0.000000" periodicity1="1" periodicity2="2" periodicity3="3" periodicity4="4" phase1="0.00" phase2="3.141592653589793" phase3="0.00" phase4="3.141592653589793"/>
<Proper class1="C841" class2="C838" class3="N834" class4="C837" k1="4.811600" k2="12.738188" k3="0.000000" k4="0.000000" periodicity1="1" periodicity2="2" periodicity3="3" periodicity4="4" phase1="0.00" phase2="3.141592653589793" phase3="0.00" phase4="3.141592653589793"/>
<Proper class1="C844" class2="C841" class3="C838" class4="N834" k1="2.453916" k2="0.395388" k3="-2.510400" k4="0.000000" periodicity1="1" periodicity2="2" periodicity3="3" periodicity4="4" phase1="0.00" phase2="3.141592653589793" phase3="0.00" phase4="3.141592653589793"/>
<Proper class1="C844" class2="C841" class3="C838" class4="O842" k1="0.000000" k2="0.000000" k3="0.000000" k4="0.000000" periodicity1="1" periodicity2="2" periodicity3="3" periodicity4="4" phase1="0.00" phase2="3.141592653589793" phase3="0.00" phase4="3.141592653589793"/>
<Proper class1="C845" class2="C841" class3="C838" class4="N834" k1="2.453916" k2="0.395388" k3="-2.510400" k4="0.000000" periodicity1="1" periodicity2="2" periodicity3="3" periodicity4="4" phase1="0.00" phase2="3.141592653589793" phase3="0.00" phase4="3.141592653589793"/>
<Proper class1="C845" class2="C841" class3="C838" class4="O842" k1="0.000000" k2="0.000000" k3="0.000000" k4="0.000000" periodicity1="1" periodicity2="2" periodicity3="3" periodicity4="4" phase1="0.00" phase2="3.141592653589793" phase3="0.00" phase4="3.141592653589793"/>
<Proper class1="C851" class2="C820" class3="C814" class4="C809" k1="0.000000" k2="15.167000" k3="0.000000" k4="0.000000" periodicity1="1" periodicity2="2" periodicity3="3" periodicity4="4" phase1="0.00" phase2="3.141592653589793" phase3="0.00" phase4="3.141592653589793"/>
<Proper class1="C851" class2="C820" class3="C814" class4="H819" k1="0.000000" k2="15.167000" k3="0.000000" k4="0.000000" periodicity1="1" periodicity2="2" periodicity3="3" periodicity4="4" phase1="0.00" phase2="3.141592653589793" phase3="0.00" phase4="3.141592653589793"/>
<Proper class1="C851" class2="C822" class3="C815" class4="C809" k1="0.000000" k2="15.167000" k3="0.000000" k4="0.000000" periodicity1="1" periodicity2="2" periodicity3="3" periodicity4="4" phase1="0.00" phase2="3.141592653589793" phase3="0.00" phase4="3.141592653589793"/>
<Proper class1="C851" class2="C822" class3="C815" class4="H821" k1="0.000000" k2="15.167000" k3="0.000000" k4="0.000000" periodicity1="1" periodicity2="2" periodicity3="3" periodicity4="4" phase1="0.00" phase2="3.141592653589793" phase3="0.00" phase4="3.141592653589793"/>
<Proper class1="C852" class2="C822" class3="C815" class4="C809" k1="0.000000" k2="14.644000" k3="0.000000" k4="0.000000" periodicity1="1" periodicity2="2" periodicity3="3" periodicity4="4" phase1="0.00" phase2="3.141592653589793" phase3="0.00" phase4="3.141592653589793"/>
<Proper class1="C852" class2="C822" class3="C815" class4="H821" k1="0.000000" k2="15.167000" k3="0.000000" k4="0.000000" periodicity1="1" periodicity2="2" periodicity3="3" periodicity4="4" phase1="0.00" phase2="3.141592653589793" phase3="0.00" phase4="3.141592653589793"/>
<Proper class1="C852" class2="C822" class3="C851" class4="C820" k1="0.000000" k2="15.167000" k3="0.000000" k4="0.000000" periodicity1="1" periodicity2="2" periodicity3="3" periodicity4="4" phase1="0.00" phase2="3.141592653589793" phase3="0.00" phase4="3.141592653589793"/>
<Proper class1="C860" class2="N857" class3="C851" class4="C820" k1="0.000000" k2="15.167000" k3="0.000000" k4="0.000000" periodicity1="1" periodicity2="2" periodicity3="3" periodicity4="4" phase1="0.00" phase2="3.141592653589793" phase3="0.00" phase4="3.141592653589793"/>
<Proper class1="C860" class2="N857" class3="C851" class4="C822" k1="0.000000" k2="15.167000" k3="0.000000" k4="0.000000" periodicity1="1" periodicity2="2" periodicity3="3" periodicity4="4" phase1="0.00" phase2="3.141592653589793" phase3="0.00" phase4="3.141592653589793"/>
<Proper class1="C860" class2="N857" class3="N859" class4="C852" k1="0.000000" k2="15.167000" k3="0.000000" k4="0.000000" periodicity1="1" periodicity2="2" periodicity3="3" periodicity4="4" phase1="0.00" phase2="3.141592653589793" phase3="0.00" phase4="3.141592653589793"/>
<Proper class1="H804" class2="C802" class3="C801" class4="C803" k1="0.000000" k2="15.167000" k3="0.000000" k4="0.000000" periodicity1="1" periodicity2="2" periodicity3="3" periodicity4="4" phase1="0.00" phase2="3.141592653589793" phase3="0.00" phase4="3.141592653589793"/>
<Proper class1="H804" class2="C802" class3="C801" class4="H800" k1="0.000000" k2="15.167000" k3="0.000000" k4="0.000000" periodicity1="1" periodicity2="2" periodicity3="3" periodicity4="4" phase1="0.00" phase2="3.141592653589793" phase3="0.00" phase4="3.141592653589793"/>
<Proper class1="H810" class2="C806" class3="C803" class4="C801" k1="0.000000" k2="15.167000" k3="0.000000" k4="0.000000" periodicity1="1" periodicity2="2" periodicity3="3" periodicity4="4" phase1="0.00" phase2="3.141592653589793" phase3="0.00" phase4="3.141592653589793"/>
<Proper class1="H810" class2="C806" class3="C803" class4="C807" k1="0.000000" k2="15.167000" k3="0.000000" k4="0.000000" periodicity1="1" periodicity2="2" periodicity3="3" periodicity4="4" phase1="0.00" phase2="3.141592653589793" phase3="0.00" phase4="3.141592653589793"/>
<Proper class1="H810" class2="C806" class3="C808" class4="C805" k1="0.000000" k2="15.167000" k3="0.000000" k4="0.000000" periodicity1="1" periodicity2="2" periodicity3="3" periodicity4="4" phase1="0.00" phase2="3.141592653589793" phase3="0.00" phase4="3.141592653589793"/>
<Proper class1="H813" class2="C808" class3="C805" class4="C802" k1="0.000000" k2="15.167000" k3="0.000000" k4="0.000000" periodicity1="1" periodicity2="2" periodicity3="3" periodicity4="4" phase1="0.00" phase2="3.141592653589793" phase3="0.00" phase4="3.141592653589793"/>
<Proper class1="H813" class2="C808" class3="C805" class4="C809" k1="0.000000" k2="15.167000" k3="0.000000" k4="0.000000" periodicity1="1" periodicity2="2" periodicity3="3" periodicity4="4" phase1="0.00" phase2="3.141592653589793" phase3="0.00" phase4="3.141592653589793"/>
<Proper class1="H813" class2="C808" class3="C806" class4="C803" k1="0.000000" k2="15.167000" k3="0.000000" k4="0.000000" periodicity1="1" periodicity2="2" periodicity3="3" periodicity4="4" phase1="0.00" phase2="3.141592653589793" phase3="0.00" phase4="3.141592653589793"/>
<Proper class1="H813" class2="C808" class3="C806" class4="H810" k1="0.000000" k2="15.167000" k3="0.000000" k4="0.000000" periodicity1="1" periodicity2="2" periodicity3="3" periodicity4="4" phase1="0.00" phase2="3.141592653589793" phase3="0.00" phase4="3.141592653589793"/>
<Proper class1="H819" class2="C814" class3="C809" class4="C805" k1="0.000000" k2="15.167000" k3="0.000000" k4="0.000000" periodicity1="1" periodicity2="2" periodicity3="3" periodicity4="4" phase1="0.00" phase2="3.141592653589793" phase3="0.00" phase4="3.141592653589793"/>
<Proper class1="H819" class2="C814" class3="C809" class4="C815" k1="0.000000" k2="15.167000" k3="0.000000" k4="0.000000" periodicity1="1" periodicity2="2" periodicity3="3" periodicity4="4" phase1="0.00" phase2="3.141592653589793" phase3="0.00" phase4="3.141592653589793"/>
<Proper class1="H821" class2="C815" class3="C809" class4="C805" k1="0.000000" k2="15.167000" k3="0.000000" k4="0.000000" periodicity1="1" periodicity2="2" periodicity3="3" periodicity4="4" phase1="0.00" phase2="3.141592653589793" phase3="0.00" phase4="3.141592653589793"/>
<Proper class1="H821" class2="C815" class3="C809" class4="C814" k1="0.000000" k2="15.167000" k3="0.000000" k4="0.000000" periodicity1="1" periodicity2="2" periodicity3="3" periodicity4="4" phase1="0.00" phase2="3.141592653589793" phase3="0.00" phase4="3.141592653589793"/>
<Proper class1="H827" class2="C818" class3="N812" class4="C807" k1="0.000000" k2="0.000000" k3="0.000000" k4="0.000000" periodicity1="1" periodicity2="2" periodicity3="3" periodicity4="4" phase1="0.00" phase2="3.141592653589793" phase3="0.00" phase4="3.141592653589793"/>
<Proper class1="H827" class2="C818" class3="N812" class4="C817" k1="0.000000" k2="0.000000" k3="0.000000" k4="0.000000" periodicity1="1" periodicity2="2" periodicity3="3" periodicity4="4" phase1="0.00" phase2="3.141592653589793" phase3="0.00" phase4="3.141592653589793"/>
<Proper class1="H828" class2="C818" class3="N812" class4="C807" k1="0.000000" k2="0.000000" k3="0.000000" k4="0.000000" periodicity1="1" periodicity2="2" periodicity3="3" periodicity4="4" phase1="0.00" phase2="3.141592653589793" phase3="0.00" phase4="3.141592653589793"/>
<Proper class1="H828" class2="C818" class3="N812" class4="C817" k1="0.000000" k2="0.000000" k3="0.000000" k4="0.000000" periodicity1="1" periodicity2="2" periodicity3="3" periodicity4="4" phase1="0.00" phase2="3.141592653589793" phase3="0.00" phase4="3.141592653589793"/>
<Proper class1="H829" class2="C826" class3="C818" class4="H827" k1="0.000000" k2="0.000000" k3="0.627600" k4="0.000000" periodicity1="1" periodicity2="2" periodicity3="3" periodicity4="4" phase1="0.00" phase2="3.141592653589793" phase3="0.00" phase4="3.141592653589793"/>
<Proper class1="H829" class2="C826" class3="C818" class4="H828" k1="0.000000" k2="0.000000" k3="0.627600" k4="0.000000" periodicity1="1" periodicity2="2" periodicity3="3" periodicity4="4" phase1="0.00" phase2="3.141592653589793" phase3="0.00" phase4="3.141592653589793"/>
<Proper class1="H829" class2="C826" class3="C818" class4="N812" k1="0.000000" k2="0.000000" k3="0.970688" k4="0.000000" periodicity1="1" periodicity2="2" periodicity3="3" periodicity4="4" phase1="0.00" phase2="3.141592653589793" phase3="0.00" phase4="3.141592653589793"/>
<Proper class1="H832" class2="C830" class3="C826" class4="C818" k1="0.000000" k2="0.000000" k3="0.627600" k4="0.000000" periodicity1="1" periodicity2="2" periodicity3="3" periodicity4="4" phase1="0.00" phase2="3.141592653589793" phase3="0.00" phase4="3.141592653589793"/>
<Proper class1="H832" class2="C830" class3="C826" class4="C831" k1="0.000000" k2="0.000000" k3="0.627600" k4="0.000000" periodicity1="1" periodicity2="2" periodicity3="3" periodicity4="4" phase1="0.00" phase2="3.141592653589793" phase3="0.00" phase4="3.141592653589793"/>
<Proper class1="H832" class2="C830" class3="C826" class4="H829" k1="0.000000" k2="0.000000" k3="0.627600" k4="0.000000" periodicity1="1" periodicity2="2" periodicity3="3" periodicity4="4" phase1="0.00" phase2="3.141592653589793" phase3="0.00" phase4="3.141592653589793"/>
<Proper class1="H833" class2="C830" class3="C826" class4="C818" k1="0.000000" k2="0.000000" k3="0.627600" k4="0.000000" periodicity1="1" periodicity2="2" periodicity3="3" periodicity4="4" phase1="0.00" phase2="3.141592653589793" phase3="0.00" phase4="3.141592653589793"/>
<Proper class1="H833" class2="C830" class3="C826" class4="C831" k1="0.000000" k2="0.000000" k3="0.627600" k4="0.000000" periodicity1="1" periodicity2="2" periodicity3="3" periodicity4="4" phase1="0.00" phase2="3.141592653589793" phase3="0.00" phase4="3.141592653589793"/>
<Proper class1="H833" class2="C830" class3="C826" class4="H829" k1="0.000000" k2="0.000000" k3="0.627600" k4="0.000000" periodicity1="1" periodicity2="2" periodicity3="3" periodicity4="4" phase1="0.00" phase2="3.141592653589793" phase3="0.00" phase4="3.141592653589793"/>
<Proper class1="H835" class2="C831" class3="C826" class4="C818" k1="0.000000" k2="0.000000" k3="0.627600" k4="0.000000" periodicity1="1" periodicity2="2" periodicity3="3" periodicity4="4" phase1="0.00" phase2="3.141592653589793" phase3="0.00" phase4="3.141592653589793"/>
<Proper class1="H835" class2="C831" class3="C826" class4="C830" k1="0.000000" k2="0.000000" k3="0.627600" k4="0.000000" periodicity1="1" periodicity2="2" periodicity3="3" periodicity4="4" phase1="0.00" phase2="3.141592653589793" phase3="0.00" phase4="3.141592653589793"/>
<Proper class1="H835" class2="C831" class3="C826" class4="H829" k1="0.000000" k2="0.000000" k3="0.627600" k4="0.000000" periodicity1="1" periodicity2="2" periodicity3="3" periodicity4="4" phase1="0.00" phase2="3.141592653589793" phase3="0.00" phase4="3.141592653589793"/>
<Proper class1="H835" class2="C831" class3="C837" class4="N834" k1="0.000000" k2="0.000000" k3="0.970688" k4="0.000000" periodicity1="1" periodicity2="2" periodicity3="3" periodicity4="4" phase1="0.00" phase2="3.141592653589793" phase3="0.00" phase4="3.141592653589793"/>
<Proper class1="H836" class2="C831" class3="C826" class4="C818" k1="0.000000" k2="0.000000" k3="0.627600" k4="0.000000" periodicity1="1" periodicity2="2" periodicity3="3" periodicity4="4" phase1="0.00" phase2="3.141592653589793" phase3="0.00" phase4="3.141592653589793"/>
<Proper class1="H836" class2="C831" class3="C826" class4="C830" k1="0.000000" k2="0.000000" k3="0.627600" k4="0.000000" periodicity1="1" periodicity2="2" periodicity3="3" periodicity4="4" phase1="0.00" phase2="3.141592653589793" phase3="0.00" phase4="3.141592653589793"/>
<Proper class1="H836" class2="C831" class3="C826" class4="H829" k1="0.000000" k2="0.000000" k3="0.627600" k4="0.000000" periodicity1="1" periodicity2="2" periodicity3="3" periodicity4="4" phase1="0.00" phase2="3.141592653589793" phase3="0.00" phase4="3.141592653589793"/>
<Proper class1="H836" class2="C831" class3="C837" class4="N834" k1="0.000000" k2="0.000000" k3="0.970688" k4="0.000000" periodicity1="1" periodicity2="2" periodicity3="3" periodicity4="4" phase1="0.00" phase2="3.141592653589793" phase3="0.00" phase4="3.141592653589793"/>
<Proper class1="H839" class2="C837" class3="C831" class4="C826" k1="0.000000" k2="0.000000" k3="0.627600" k4="0.000000" periodicity1="1" periodicity2="2" periodicity3="3" periodicity4="4" phase1="0.00" phase2="3.141592653589793" phase3="0.00" phase4="3.141592653589793"/>
<Proper class1="H839" class2="C837" class3="C831" class4="H835" k1="0.000000" k2="0.000000" k3="0.627600" k4="0.000000" periodicity1="1" periodicity2="2" periodicity3="3" periodicity4="4" phase1="0.00" phase2="3.141592653589793" phase3="0.00" phase4="3.141592653589793"/>
<Proper class1="H839" class2="C837" class3="C831" class4="H836" k1="0.000000" k2="0.000000" k3="0.627600" k4="0.000000" periodicity1="1" periodicity2="2" periodicity3="3" periodicity4="4" phase1="0.00" phase2="3.141592653589793" phase3="0.00" phase4="3.141592653589793"/>
<Proper class1="H839" class2="C837" class3="N834" class4="C830" k1="0.000000" k2="0.000000" k3="0.000000" k4="0.000000" periodicity1="1" periodicity2="2" periodicity3="3" periodicity4="4" phase1="0.00" phase2="3.141592653589793" phase3="0.00" phase4="3.141592653589793"/>
<Proper class1="H839" class2="C837" class3="N834" class4="C838" k1="0.000000" k2="0.000000" k3="0.000000" k4="0.000000" periodicity1="1" periodicity2="2" periodicity3="3" periodicity4="4" phase1="0.00" phase2="3.141592653589793" phase3="0.00" phase4="3.141592653589793"/>
<Proper class1="H840" class2="C837" class3="C831" class4="C826" k1="0.000000" k2="0.000000" k3="0.627600" k4="0.000000" periodicity1="1" periodicity2="2" periodicity3="3" periodicity4="4" phase1="0.00" phase2="3.141592653589793" phase3="0.00" phase4="3.141592653589793"/>
<Proper class1="H840" class2="C837" class3="C831" class4="H835" k1="0.000000" k2="0.000000" k3="0.627600" k4="0.000000" periodicity1="1" periodicity2="2" periodicity3="3" periodicity4="4" phase1="0.00" phase2="3.141592653589793" phase3="0.00" phase4="3.141592653589793"/>
<Proper class1="H840" class2="C837" class3="C831" class4="H836" k1="0.000000" k2="0.000000" k3="0.627600" k4="0.000000" periodicity1="1" periodicity2="2" periodicity3="3" periodicity4="4" phase1="0.00" phase2="3.141592653589793" phase3="0.00" phase4="3.141592653589793"/>
<Proper class1="H840" class2="C837" class3="N834" class4="C830" k1="0.000000" k2="0.000000" k3="0.000000" k4="0.000000" periodicity1="1" periodicity2="2" periodicity3="3" periodicity4="4" phase1="0.00" phase2="3.141592653589793" phase3="0.00" phase4="3.141592653589793"/>
<Proper class1="H840" class2="C837" class3="N834" class4="C838" k1="0.000000" k2="0.000000" k3="0.000000" k4="0.000000" periodicity1="1" periodicity2="2" periodicity3="3" periodicity4="4" phase1="0.00" phase2="3.141592653589793" phase3="0.00" phase4="3.141592653589793"/>
<Proper class1="H843" class2="C841" class3="C838" class4="N834" k1="0.000000" k2="0.000000" k3="0.000000" k4="0.000000" periodicity1="1" periodicity2="2" periodicity3="3" periodicity4="4" phase1="0.00" phase2="3.141592653589793" phase3="0.00" phase4="3.141592653589793"/>
<Proper class1="H843" class2="C841" class3="C838" class4="O842" k1="0.000000" k2="0.000000" k3="0.000000" k4="0.000000" periodicity1="1" periodicity2="2" periodicity3="3" periodicity4="4" phase1="0.00" phase2="3.141592653589793" phase3="0.00" phase4="3.141592653589793"/>
<Proper class1="H846" class2="C844" class3="C841" class4="C838" k1="0.000000" k2="0.000000" k3="0.000000" k4="0.000000" periodicity1="1" periodicity2="2" periodicity3="3" periodicity4="4" phase1="0.00" phase2="3.141592653589793" phase3="0.00" phase4="3.141592653589793"/>
<Proper class1="H846" class2="C844" class3="C841" class4="H843" k1="0.000000" k2="0.000000" k3="0.000000" k4="0.000000" periodicity1="1" periodicity2="2" periodicity3="3" periodicity4="4" phase1="0.00" phase2="3.141592653589793" phase3="0.00" phase4="3.141592653589793"/>
<Proper class1="H847" class2="C844" class3="C841" class4="C838" k1="0.000000" k2="0.000000" k3="0.000000" k4="0.000000" periodicity1="1" periodicity2="2" periodicity3="3" periodicity4="4" phase1="0.00" phase2="3.141592653589793" phase3="0.00" phase4="3.141592653589793"/>
<Proper class1="H847" class2="C844" class3="C841" class4="H843" k1="0.000000" k2="0.000000" k3="0.000000" k4="0.000000" periodicity1="1" periodicity2="2" periodicity3="3" periodicity4="4" phase1="0.00" phase2="3.141592653589793" phase3="0.00" phase4="3.141592653589793"/>
<Proper class1="H848" class2="C845" class3="C841" class4="C838" k1="0.000000" k2="0.000000" k3="0.000000" k4="0.000000" periodicity1="1" periodicity2="2" periodicity3="3" periodicity4="4" phase1="0.00" phase2="3.141592653589793" phase3="0.00" phase4="3.141592653589793"/>
<Proper class1="H848" class2="C845" class3="C841" class4="H843" k1="0.000000" k2="0.000000" k3="0.000000" k4="0.000000" periodicity1="1" periodicity2="2" periodicity3="3" periodicity4="4" phase1="0.00" phase2="3.141592653589793" phase3="0.00" phase4="3.141592653589793"/>
<Proper class1="H848" class2="C845" class3="C844" class4="H846" k1="0.000000" k2="0.000000" k3="0.000000" k4="0.000000" periodicity1="1" periodicity2="2" periodicity3="3" periodicity4="4" phase1="0.00" phase2="3.141592653589793" phase3="0.00" phase4="3.141592653589793"/>
<Proper class1="H848" class2="C845" class3="C844" class4="H847" k1="0.000000" k2="0.000000" k3="0.000000" k4="0.000000" periodicity1="1" periodicity2="2" periodicity3="3" periodicity4="4" phase1="0.00" phase2="3.141592653589793" phase3="0.00" phase4="3.141592653589793"/>
<Proper class1="H849" class2="C845" class3="C841" class4="C838" k1="0.000000" k2="0.000000" k3="0.000000" k4="0.000000" periodicity1="1" periodicity2="2" periodicity3="3" periodicity4="4" phase1="0.00" phase2="3.141592653589793" phase3="0.00" phase4="3.141592653589793"/>
<Proper class1="H849" class2="C845" class3="C841" class4="H843" k1="0.000000" k2="0.000000" k3="0.000000" k4="0.000000" periodicity1="1" periodicity2="2" periodicity3="3" periodicity4="4" phase1="0.00" phase2="3.141592653589793" phase3="0.00" phase4="3.141592653589793"/>
<Proper class1="H849" class2="C845" class3="C844" class4="H846" k1="0.000000" k2="0.000000" k3="0.000000" k4="0.000000" periodicity1="1" periodicity2="2" periodicity3="3" periodicity4="4" phase1="0.00" phase2="3.141592653589793" phase3="0.00" phase4="3.141592653589793"/>
<Proper class1="H849" class2="C845" class3="C844" class4="H847" k1="0.000000" k2="0.000000" k3="0.000000" k4="0.000000" periodicity1="1" periodicity2="2" periodicity3="3" periodicity4="4" phase1="0.00" phase2="3.141592653589793" phase3="0.00" phase4="3.141592653589793"/>
<Proper class1="H850" class2="C820" class3="C814" class4="C809" k1="0.000000" k2="15.167000" k3="0.000000" k4="0.000000" periodicity1="1" periodicity2="2" periodicity3="3" periodicity4="4" phase1="0.00" phase2="3.141592653589793" phase3="0.00" phase4="3.141592653589793"/>
<Proper class1="H850" class2="C820" class3="C814" class4="H819" k1="0.000000" k2="15.167000" k3="0.000000" k4="0.000000" periodicity1="1" periodicity2="2" periodicity3="3" periodicity4="4" phase1="0.00" phase2="3.141592653589793" phase3="0.00" phase4="3.141592653589793"/>
<Proper class1="H850" class2="C820" class3="C851" class4="C822" k1="0.000000" k2="15.167000" k3="0.000000" k4="0.000000" periodicity1="1" periodicity2="2" periodicity3="3" periodicity4="4" phase1="0.00" phase2="3.141592653589793" phase3="0.00" phase4="3.141592653589793"/>
<Proper class1="H853" class2="C823" class3="C816" class4="C817" k1="0.000000" k2="0.000000" k3="0.000000" k4="0.000000" periodicity1="1" periodicity2="2" periodicity3="3" periodicity4="4" phase1="0.00" phase2="3.141592653589793" phase3="0.00" phase4="3.141592653589793"/>
<Proper class1="H853" class2="C823" class3="C816" class4="N811" k1="0.000000" k2="0.000000" k3="0.000000" k4="0.000000" periodicity1="1" periodicity2="2" periodicity3="3" periodicity4="4" phase1="0.00" phase2="3.141592653589793" phase3="0.00" phase4="3.141592653589793"/>
<Proper class1="H854" class2="C823" class3="C816" class4="C817" k1="0.000000" k2="0.000000" k3="0.000000" k4="0.000000" periodicity1="1" periodicity2="2" periodicity3="3" periodicity4="4" phase1="0.00" phase2="3.141592653589793" phase3="0.00" phase4="3.141592653589793"/>
<Proper class1="H854" class2="C823" class3="C816" class4="N811" k1="0.000000" k2="0.000000" k3="0.000000" k4="0.000000" periodicity1="1" periodicity2="2" periodicity3="3" periodicity4="4" phase1="0.00" phase2="3.141592653589793" phase3="0.00" phase4="3.141592653589793"/>
<Proper class1="H855" class2="C824" class3="C816" class4="C817" k1="0.000000" k2="0.000000" k3="0.000000" k4="0.000000" periodicity1="1" periodicity2="2" periodicity3="3" periodicity4="4" phase1="0.00" phase2="3.141592653589793" phase3="0.00" phase4="3.141592653589793"/>
<Proper class1="H855" class2="C824" class3="C816" class4="N811" k1="0.000000" k2="0.000000" k3="0.000000" k4="0.000000" periodicity1="1" periodicity2="2" periodicity3="3" periodicity4="4" phase1="0.00" phase2="3.141592653589793" phase3="0.00" phase4="3.141592653589793"/>
<Proper class1="H855" class2="C824" class3="C823" class4="H853" k1="0.000000" k2="0.000000" k3="0.000000" k4="0.000000" periodicity1="1" periodicity2="2" periodicity3="3" periodicity4="4" phase1="0.00" phase2="3.141592653589793" phase3="0.00" phase4="3.141592653589793"/>
<Proper class1="H855" class2="C824" class3="C823" class4="H854" k1="0.000000" k2="0.000000" k3="0.000000" k4="0.000000" periodicity1="1" periodicity2="2" periodicity3="3" periodicity4="4" phase1="0.00" phase2="3.141592653589793" phase3="0.00" phase4="3.141592653589793"/>
<Proper class1="H856" class2="C824" class3="C816" class4="C817" k1="0.000000" k2="0.000000" k3="0.000000" k4="0.000000" periodicity1="1" periodicity2="2" periodicity3="3" periodicity4="4" phase1="0.00" phase2="3.141592653589793" phase3="0.00" phase4="3.141592653589793"/>
<Proper class1="H856" class2="C824" class3="C816" class4="N811" k1="0.000000" k2="0.000000" k3="0.000000" k4="0.000000" periodicity1="1" periodicity2="2" periodicity3="3" periodicity4="4" phase1="0.00" phase2="3.141592653589793" phase3="0.00" phase4="3.141592653589793"/>
<Proper class1="H856" class2="C824" class3="C823" class4="H853" k1="0.000000" k2="0.000000" k3="0.000000" k4="0.000000" periodicity1="1" periodicity2="2" periodicity3="3" periodicity4="4" phase1="0.00" phase2="3.141592653589793" phase3="0.00" phase4="3.141592653589793"/>
<Proper class1="H856" class2="C824" class3="C823" class4="H854" k1="0.000000" k2="0.000000" k3="0.000000" k4="0.000000" periodicity1="1" periodicity2="2" periodicity3="3" periodicity4="4" phase1="0.00" phase2="3.141592653589793" phase3="0.00" phase4="3.141592653589793"/>
<Proper class1="H858" class2="C852" class3="C822" class4="C815" k1="0.000000" k2="15.167000" k3="0.000000" k4="0.000000" periodicity1="1" periodicity2="2" periodicity3="3" periodicity4="4" phase1="0.00" phase2="3.141592653589793" phase3="0.00" phase4="3.141592653589793"/>
<Proper class1="H858" class2="C852" class3="C822" class4="C851" k1="0.000000" k2="15.167000" k3="0.000000" k4="0.000000" periodicity1="1" periodicity2="2" periodicity3="3" periodicity4="4" phase1="0.00" phase2="3.141592653589793" phase3="0.00" phase4="3.141592653589793"/>
<Proper class1="H858" class2="C852" class3="N859" class4="N857" k1="0.000000" k2="15.167000" k3="0.000000" k4="0.000000" periodicity1="1" periodicity2="2" periodicity3="3" periodicity4="4" phase1="0.00" phase2="3.141592653589793" phase3="0.00" phase4="3.141592653589793"/>
<Proper class1="H861" class2="C860" class3="N857" class4="C851" k1="0.000000" k2="0.313800" k3="0.000000" k4="0.000000" periodicity1="1" periodicity2="2" periodicity3="3" periodicity4="4" phase1="0.00" phase2="3.141592653589793" phase3="0.00" phase4="3.141592653589793"/>
<Proper class1="H861" class2="C860" class3="N857" class4="N859" k1="0.000000" k2="0.313800" k3="0.000000" k4="0.000000" periodicity1="1" periodicity2="2" periodicity3="3" periodicity4="4" phase1="0.00" phase2="3.141592653589793" phase3="0.00" phase4="3.141592653589793"/>
<Proper class1="H862" class2="C860" class3="N857" class4="C851" k1="0.000000" k2="0.313800" k3="0.000000" k4="0.000000" periodicity1="1" periodicity2="2" periodicity3="3" periodicity4="4" phase1="0.00" phase2="3.141592653589793" phase3="0.00" phase4="3.141592653589793"/>
<Proper class1="H862" class2="C860" class3="N857" class4="N859" k1="0.000000" k2="0.313800" k3="0.000000" k4="0.000000" periodicity1="1" periodicity2="2" periodicity3="3" periodicity4="4" phase1="0.00" phase2="3.141592653589793" phase3="0.00" phase4="3.141592653589793"/>
<Proper class1="H863" class2="C860" class3="N857" class4="C851" k1="0.000000" k2="0.313800" k3="0.000000" k4="0.000000" periodicity1="1" periodicity2="2" periodicity3="3" periodicity4="4" phase1="0.00" phase2="3.141592653589793" phase3="0.00" phase4="3.141592653589793"/>
<Proper class1="H863" class2="C860" class3="N857" class4="N859" k1="0.000000" k2="0.313800" k3="0.000000" k4="0.000000" periodicity1="1" periodicity2="2" periodicity3="3" periodicity4="4" phase1="0.00" phase2="3.141592653589793" phase3="0.00" phase4="3.141592653589793"/>
<Proper class1="N811" class2="C807" class3="C803" class4="C801" k1="0.000000" k2="3.326280" k3="0.000000" k4="0.000000" periodicity1="1" periodicity2="2" periodicity3="3" periodicity4="4" phase1="0.00" phase2="3.141592653589793" phase3="0.00" phase4="3.141592653589793"/>
<Proper class1="N811" class2="C807" class3="C803" class4="C806" k1="0.000000" k2="3.326280" k3="0.000000" k4="0.000000" periodicity1="1" periodicity2="2" periodicity3="3" periodicity4="4" phase1="0.00" phase2="3.141592653589793" phase3="0.00" phase4="3.141592653589793"/>
<Proper class1="N812" class2="C807" class3="C803" class4="C801" k1="0.000000" k2="4.184000" k3="0.000000" k4="0.000000" periodicity1="1" periodicity2="2" periodicity3="3" periodicity4="4" phase1="0.00" phase2="3.141592653589793" phase3="0.00" phase4="3.141592653589793"/>
<Proper class1="N812" class2="C807" class3="C803" class4="C806" k1="0.000000" k2="4.184000" k3="0.000000" k4="0.000000" periodicity1="1" periodicity2="2" periodicity3="3" periodicity4="4" phase1="0.00" phase2="3.141592653589793" phase3="0.00" phase4="3.141592653589793"/>
<Proper class1="N834" class2="C830" class3="C826" class4="C818" k1="1.767740" k2="-2.012504" k3="1.491596" k4="0.000000" periodicity1="1" periodicity2="2" periodicity3="3" periodicity4="4" phase1="0.00" phase2="3.141592653589793" phase3="0.00" phase4="3.141592653589793"/>
<Proper class1="N834" class2="C830" class3="C826" class4="H829" k1="0.000000" k2="0.000000" k3="0.970688" k4="0.000000" periodicity1="1" periodicity2="2" periodicity3="3" periodicity4="4" phase1="0.00" phase2="3.141592653589793" phase3="0.00" phase4="3.141592653589793"/>
<Proper class1="N857" class2="C851" class3="C820" class4="C814" k1="0.000000" k2="14.644000" k3="0.000000" k4="0.000000" periodicity1="1" periodicity2="2" periodicity3="3" periodicity4="4" phase1="0.00" phase2="3.141592653589793" phase3="0.00" phase4="3.141592653589793"/>
<Proper class1="N857" class2="C851" class3="C820" class4="H850" k1="0.000000" k2="15.167000" k3="0.000000" k4="0.000000" periodicity1="1" periodicity2="2" periodicity3="3" periodicity4="4" phase1="0.00" phase2="3.141592653589793" phase3="0.00" phase4="3.141592653589793"/>
<Proper class1="N857" class2="C851" class3="C822" class4="C815" k1="0.000000" k2="15.167000" k3="0.000000" k4="0.000000" periodicity1="1" periodicity2="2" periodicity3="3" periodicity4="4" phase1="0.00" phase2="3.141592653589793" phase3="0.00" phase4="3.141592653589793"/>
<Proper class1="N859" class2="C852" class3="C822" class4="C815" k1="0.000000" k2="4.539640" k3="0.000000" k4="0.000000" periodicity1="1" periodicity2="2" periodicity3="3" periodicity4="4" phase1="0.00" phase2="3.141592653589793" phase3="0.00" phase4="3.141592653589793"/>
<Proper class1="N859" class2="N857" class3="C851" class4="C820" k1="0.000000" k2="4.539640" k3="0.000000" k4="0.000000" periodicity1="1" periodicity2="2" periodicity3="3" periodicity4="4" phase1="0.00" phase2="3.141592653589793" phase3="0.00" phase4="3.141592653589793"/>
<Proper class1="O825" class2="C817" class3="C816" class4="C823" k1="0.000000" k2="0.000000" k3="0.000000" k4="0.000000" periodicity1="1" periodicity2="2" periodicity3="3" periodicity4="4" phase1="0.00" phase2="3.141592653589793" phase3="0.00" phase4="3.141592653589793"/>
<Proper class1="O825" class2="C817" class3="C816" class4="C824" k1="0.000000" k2="0.000000" k3="0.000000" k4="0.000000" periodicity1="1" periodicity2="2" periodicity3="3" periodicity4="4" phase1="0.00" phase2="3.141592653589793" phase3="0.00" phase4="3.141592653589793"/>
<Proper class1="O825" class2="C817" class3="C816" class4="N811" k1="0.000000" k2="2.092000" k3="0.000000" k4="0.000000" periodicity1="1" periodicity2="2" periodicity3="3" periodicity4="4" phase1="0.00" phase2="3.141592653589793" phase3="0.00" phase4="3.141592653589793"/>
<Proper class1="O825" class2="C817" class3="N812" class4="C807" k1="0.000000" k2="12.738188" k3="0.000000" k4="0.000000" periodicity1="1" periodicity2="2" periodicity3="3" periodicity4="4" phase1="0.00" phase2="3.141592653589793" phase3="0.00" phase4="3.141592653589793"/>
<Proper class1="O825" class2="C817" class3="N812" class4="C818" k1="0.000000" k2="12.738188" k3="0.000000" k4="0.000000" periodicity1="1" periodicity2="2" periodicity3="3" periodicity4="4" phase1="0.00" phase2="3.141592653589793" phase3="0.00" phase4="3.141592653589793"/>
<Proper class1="O842" class2="C838" class3="N834" class4="C830" k1="0.000000" k2="12.738188" k3="0.000000" k4="0.000000" periodicity1="1" periodicity2="2" periodicity3="3" periodicity4="4" phase1="0.00" phase2="3.141592653589793" phase3="0.00" phase4="3.141592653589793"/>
<Proper class1="O842" class2="C838" class3="N834" class4="C837" k1="0.000000" k2="12.738188" k3="0.000000" k4="0.000000" periodicity1="1" periodicity2="2" periodicity3="3" periodicity4="4" phase1="0.00" phase2="3.141592653589793" phase3="0.00" phase4="3.141592653589793"/>
<Improper class1="C802" class2="C801" class3="H804" class4="C805" k1="0.000000" k2="10.460000" k3="0.000000" k4="0.000000" periodicity1="1" periodicity2="2" periodicity3="3" periodicity4="4" phase1="0.00" phase2="3.141592653589793" phase3="0.00" phase4="3.141592653589793"/>
<Improper class1="C801" class2="H800" class3="C802" class4="C803" k1="0.000000" k2="10.460000" k3="0.000000" k4="0.000000" periodicity1="1" periodicity2="2" periodicity3="3" periodicity4="4" phase1="0.00" phase2="3.141592653589793" phase3="0.00" phase4="3.141592653589793"/>
<Improper class1="C803" class2="C801" class3="C806" class4="C807" k1="0.000000" k2="10.460000" k3="0.000000" k4="0.000000" periodicity1="1" periodicity2="2" periodicity3="3" periodicity4="4" phase1="0.00" phase2="3.141592653589793" phase3="0.00" phase4="3.141592653589793"/>
<Improper class1="C805" class2="C808" class3="C809" class4="C802" k1="0.000000" k2="10.460000" k3="0.000000" k4="0.000000" periodicity1="1" periodicity2="2" periodicity3="3" periodicity4="4" phase1="0.00" phase2="3.141592653589793" phase3="0.00" phase4="3.141592653589793"/>
<Improper class1="C806" class2="C808" class3="H810" class4="C803" k1="0.000000" k2="10.460000" k3="0.000000" k4="0.000000" periodicity1="1" periodicity2="2" periodicity3="3" periodicity4="4" phase1="0.00" phase2="3.141592653589793" phase3="0.00" phase4="3.141592653589793"/>
<Improper class1="C814" class2="C809" class3="H819" class4="C820" k1="0.000000" k2="10.460000" k3="0.000000" k4="0.000000" periodicity1="1" periodicity2="2" periodicity3="3" periodicity4="4" phase1="0.00" phase2="3.141592653589793" phase3="0.00" phase4="3.141592653589793"/>
<Improper class1="C815" class2="C809" class3="H821" class4="C822" k1="0.000000" k2="10.460000" k3="0.000000" k4="0.000000" periodicity1="1" periodicity2="2" periodicity3="3" periodicity4="4" phase1="0.00" phase2="3.141592653589793" phase3="0.00" phase4="3.141592653589793"/>
<Improper class1="C809" class2="C805" class3="C814" class4="C815" k1="0.000000" k2="10.460000" k3="0.000000" k4="0.000000" periodicity1="1" periodicity2="2" periodicity3="3" periodicity4="4" phase1="0.00" phase2="3.141592653589793" phase3="0.00" phase4="3.141592653589793"/>
<Improper class1="C822" class2="C851" class3="C852" class4="C815" k1="0.000000" k2="10.460000" k3="0.000000" k4="0.000000" periodicity1="1" periodicity2="2" periodicity3="3" periodicity4="4" phase1="0.00" phase2="3.141592653589793" phase3="0.00" phase4="3.141592653589793"/>
<Improper class1="C817" class2="C816" class3="N812" class4="O825" k1="0.000000" k2="43.932000" k3="0.000000" k4="0.000000" periodicity1="1" periodicity2="2" periodicity3="3" periodicity4="4" phase1="0.00" phase2="3.141592653589793" phase3="0.00" phase4="3.141592653589793"/>
<Improper class1="C801" class2="H800" class3="C802" class4="C803" k1="0.000000" k2="10.460000" k3="0.000000" k4="0.000000" periodicity1="1" periodicity2="2" periodicity3="3" periodicity4="4" phase1="0.00" phase2="3.141592653589793" phase3="0.00" phase4="3.141592653589793"/>
<Improper class1="C808" class2="H813" class3="C806" class4="C805" k1="0.000000" k2="10.460000" k3="0.000000" k4="0.000000" periodicity1="1" periodicity2="2" periodicity3="3" periodicity4="4" phase1="0.00" phase2="3.141592653589793" phase3="0.00" phase4="3.141592653589793"/>
<Improper class1="C820" class2="H850" class3="C851" class4="C814" k1="0.000000" k2="10.460000" k3="0.000000" k4="0.000000" periodicity1="1" periodicity2="2" periodicity3="3" periodicity4="4" phase1="0.00" phase2="3.141592653589793" phase3="0.00" phase4="3.141592653589793"/>
<Improper class1="C852" class2="H858" class3="N859" class4="C822" k1="0.000000" k2="10.460000" k3="0.000000" k4="0.000000" periodicity1="1" periodicity2="2" periodicity3="3" periodicity4="4" phase1="0.00" phase2="3.141592653589793" phase3="0.00" phase4="3.141592653589793"/>
<Improper class1="C807" class2="C803" class3="N811" class4="N812" k1="0.000000" k2="10.460000" k3="0.000000" k4="0.000000" periodicity1="1" periodicity2="2" periodicity3="3" periodicity4="4" phase1="0.00" phase2="3.141592653589793" phase3="0.00" phase4="3.141592653589793"/>
<Improper class1="C851" class2="N857" class3="C820" class4="C822" k1="0.000000" k2="10.460000" k3="0.000000" k4="0.000000" periodicity1="1" periodicity2="2" periodicity3="3" periodicity4="4" phase1="0.00" phase2="3.141592653589793" phase3="0.00" phase4="3.141592653589793"/>
<Improper class1="C838" class2="C841" class3="O842" class4="N834" k1="0.000000" k2="43.932000" k3="0.000000" k4="0.000000" periodicity1="1" periodicity2="2" periodicity3="3" periodicity4="4" phase1="0.00" phase2="3.141592653589793" phase3="0.00" phase4="3.141592653589793"/>
</PeriodicTorsionForce>
<NonbondedForce coulomb14scale="0.5" lj14scale="0.5">
<Atom type="opls_850" charge="0.161700" sigma="0.242000" epsilon="0.125520" />
<Atom type="opls_826" charge="-0.167200" sigma="0.350000" epsilon="0.276144" />
<Atom type="opls_818" charge="0.153900" sigma="0.350000" epsilon="0.276144" />
<Atom type="opls_834" charge="-0.932500" sigma="0.325000" epsilon="0.711280" />
<Atom type="opls_844" charge="-0.208300" sigma="0.345000" epsilon="0.347272" />
<Atom type="opls_845" charge="-0.200000" sigma="0.345000" epsilon="0.347272" />
<Atom type="opls_801" charge="-0.093800" sigma="0.355000" epsilon="0.292880" />
<Atom type="opls_860" charge="0.009300" sigma="0.350000" epsilon="0.276144" />
<Atom type="opls_848" charge="0.140200" sigma="0.250000" epsilon="0.125520" />
<Atom type="opls_812" charge="-0.858100" sigma="0.325000" epsilon="0.711280" />
<Atom type="opls_822" charge="-0.167100" sigma="0.350000" epsilon="0.334720" />
<Atom type="opls_806" charge="-0.114800" sigma="0.355000" epsilon="0.292880" />
<Atom type="opls_841" charge="-0.254700" sigma="0.345000" epsilon="0.347272" />
<Atom type="opls_827" charge="0.121300" sigma="0.250000" epsilon="0.125520" />
<Atom type="opls_823" charge="-0.163300" sigma="0.345000" epsilon="0.347272" />
<Atom type="opls_821" charge="0.159800" sigma="0.242000" epsilon="0.125520" />
<Atom type="opls_825" charge="-0.401600" sigma="0.296000" epsilon="0.878640" />
<Atom type="opls_833" charge="0.113200" sigma="0.250000" epsilon="0.125520" />
<Atom type="opls_849" charge="0.140200" sigma="0.250000" epsilon="0.125520" />
<Atom type="opls_800" charge="0.169400" sigma="0.242000" epsilon="0.125520" />
<Atom type="opls_829" charge="0.133100" sigma="0.250000" epsilon="0.125520" />
<Atom type="opls_815" charge="-0.036300" sigma="0.355000" epsilon="0.292880" />
<Atom type="opls_837" charge="0.148400" sigma="0.350000" epsilon="0.276144" />
<Atom type="opls_817" charge="0.576800" sigma="0.355000" epsilon="0.292880" />
<Atom type="opls_857" charge="-0.406200" sigma="0.325000" epsilon="0.711280" />
<Atom type="opls_842" charge="-0.467900" sigma="0.296000" epsilon="0.878640" />
<Atom type="opls_843" charge="0.145500" sigma="0.250000" epsilon="0.125520" />
<Atom type="opls_846" charge="0.137500" sigma="0.250000" epsilon="0.125520" />
<Atom type="opls_836" charge="0.111400" sigma="0.250000" epsilon="0.125520" />
<Atom type="opls_820" charge="-0.167700" sigma="0.355000" epsilon="0.292880" />
<Atom type="opls_816" charge="-0.120900" sigma="0.345000" epsilon="0.347272" />
<Atom type="opls_859" charge="-0.024400" sigma="0.325000" epsilon="0.711280" />
<Atom type="opls_809" charge="-0.099400" sigma="0.355000" epsilon="0.292880" />
<Atom type="opls_824" charge="-0.161800" sigma="0.345000" epsilon="0.347272" />
<Atom type="opls_814" charge="-0.087600" sigma="0.355000" epsilon="0.292880" />
<Atom type="opls_811" charge="-0.370900" sigma="0.325000" epsilon="0.711280" />
<Atom type="opls_808" charge="-0.148700" sigma="0.355000" epsilon="0.292880" />
<Atom type="opls_832" charge="0.113200" sigma="0.250000" epsilon="0.125520" />
<Atom type="opls_863" charge="0.108800" sigma="0.250000" epsilon="0.125520" />
<Atom type="opls_858" charge="0.209000" sigma="0.242000" epsilon="0.125520" />
<Atom type="opls_804" charge="0.157900" sigma="0.242000" epsilon="0.125520" />
<Atom type="opls_813" charge="0.157500" sigma="0.242000" epsilon="0.125520" />
<Atom type="opls_847" charge="0.137500" sigma="0.250000" epsilon="0.125520" />
<Atom type="opls_803" charge="-0.056400" sigma="0.355000" epsilon="0.292880" />
<Atom type="opls_802" charge="-0.149800" sigma="0.355000" epsilon="0.292880" />
<Atom type="opls_828" charge="0.121300" sigma="0.250000" epsilon="0.125520" />
<Atom type="opls_807" charge="0.423300" sigma="0.355000" epsilon="0.292880" />
<Atom type="opls_862" charge="0.108800" sigma="0.250000" epsilon="0.125520" />
<Atom type="opls_819" charge="0.153100" sigma="0.242000" epsilon="0.125520" />
<Atom type="opls_855" charge="0.148700" sigma="0.250000" epsilon="0.125520" />
<Atom type="opls_851" charge="0.111400" sigma="0.350000" epsilon="0.334720" />
<Atom type="opls_838" charge="0.636800" sigma="0.355000" epsilon="0.292880" />
<Atom type="opls_861" charge="0.108800" sigma="0.250000" epsilon="0.125520" />
<Atom type="opls_830" charge="0.143500" sigma="0.350000" epsilon="0.276144" />
<Atom type="opls_835" charge="0.111400" sigma="0.250000" epsilon="0.125520" />
<Atom type="opls_856" charge="0.148700" sigma="0.250000" epsilon="0.125520" />
<Atom type="opls_810" charge="0.158500" sigma="0.242000" epsilon="0.125520" />
<Atom type="opls_831" charge="-0.191500" sigma="0.350000" epsilon="0.276144" />
<Atom type="opls_839" charge="0.100900" sigma="0.250000" epsilon="0.125520" />
<Atom type="opls_853" charge="0.146800" sigma="0.250000" epsilon="0.125520" />
<Atom type="opls_840" charge="0.100900" sigma="0.250000" epsilon="0.125520" />
<Atom type="opls_852" charge="-0.122900" sigma="0.355000" epsilon="0.292880" />
<Atom type="opls_805" charge="-0.001200" sigma="0.355000" epsilon="0.292880" />
<Atom type="opls_854" charge="0.146800" sigma="0.250000" epsilon="0.125520" />
</NonbondedForce>
</ForceField>
